<?xml version="1.0" encoding="utf-8"?>
<odoo>
  <delete id="base.access_ir_module_module_group_user" model="ir.model.access"/>
  <record id="module_category_access_apps" model="ir.module.category">
    <field name="name">Apps access</field>
    <field name="sequence">18</field>
  </record>
  <record id="group_allow_apps_only_from_settings" model="res.groups">
    <field name="name">Allow installing apps only from settings</field>
    <field name="category_id" ref="module_category_access_apps"/>
    <field name="implied_ids" eval="[(4, ref('base.group_system'))]"/>
  </record>
  <record id="group_allow_apps" model="res.groups">
    <field name="name">Allow installing apps</field>
    <field name="category_id" ref="module_category_access_apps"/>
    <field name="users" eval="[(4, ref('base.user_root')), (4, ref('base.user_admin'))]"/>
    <field name="implied_ids" eval="[(4, ref('group_allow_apps_only_from_settings'))]"/>
  </record>
  <record model="ir.ui.menu" id="base.menu_management">
    <field name="groups_id" eval="[(6,0, [ref('access_apps.group_allow_apps')])]"/>
  </record>
</odoo>
